<?xml version="1.0" encoding="UTF-8" standalone="yes"?>
<addon id="plugin.video.cineplus" name="[COLOR white][B]CINE[/B][/COLOR][COLOR red][B]+[/B][/COLOR]" version="1.0.0~Beta" provider-name="Wesley Santos">
	<requires>
		<import addon="script.module.six" />
		<import addon="script.module.kodi-six" />
		<import addon="script.module.requests-cache"/>
		<import addon="script.module.requests"/>
		<import addon="script.module.websocket" version="0.50.0"  optional="true"/>
		<import addon="script.module.youtube.dl" optional="true"/>
		<import addon="plugin.video.youtube" optional="true" />
		<import addon="script.module.dateutil" optional="true" />
		<import addon="script.module.resolveurl" optional="true"/>
		<import addon="script.module.urlresolver" optional="true"/>
		<import addon="script.module.cloudscraper" optional="true"/>
		<import addon="script.module.inputstreamhelper" optional="true"/>
		<import addon="script.module.slproxy" optional="true"/>
	</requires>
	<extension point="xbmc.python.pluginsource" library="default.py">
		<provides>video</provides>
	</extension>

	<extension point="xbmc.addon.metadata">
		<summary>[B][COLOR white]CinePlus é um addon de reprodução de link com canais de TV, Filmes, Séries, Desenhos e Animes.[/COLOR]</summary>
		<description>
[B][COLOR blue]●[/COLOR] [COLOR white]Cine Plus é apenas um AGREGADOR de links e, assim como o Google.com, apenas agrega e organiza os links externos. Não somos responsáveis pelos arquivos aqui encontrados. Todos os videos são de sites de terceiros, não hospedamos conteudo![/COLOR][/B][CR][B][COLOR firebrick]●[/COLOR] [COLOR white]Proibido a venda dos add-ons do Cine Plus.[/COLOR][/B][CR][B][COLOR firebrick]●[/COLOR] [COLOR white]Não vendemos IPTV, caso ache algum sites ou mesmo apps a venda é falso.[/COLOR][/B]
		</description>
		<platform>all</platform>
		<assets>
			<icon>icon.png</icon>
			<fanart>fanart.jpg</fanart>
<screenshot>resources/screenshots/home.jpg</screenshot>
<screenshot>resources/screenshots/movies.jpg</screenshot>
<screenshot>resources/screenshots/series.jpg</screenshot>
		</assets>
	</extension>
</addon>
